ISO3,Country,HDI_Category,Region,HDI_Rank,HDI,Life_Expectancy,Health_Index,Mean_Years_Schooling,Mean_Schooling_Index,Expected_Years_Schooling,Expected_Schooling_Index,Education_Index,GNI_Per_Capita,Income_Index,HDI_Calculated,Health_Contribution,Education_Contribution,Income_Contribution,Bottleneck_Component,Bottleneck_Value,Strongest_Component,Strongest_Value,Component_Gap
AFG,Afghanistan,Low,SA,180.0,0.478,61.9824,0.6458830769230769,2.98506999,0.16583722166666667,10.26384398,0.5702135544444444,0.36802538805555557,1824.190915,0.4386237971833716,0.4706607238310843,1.372290153437316,0.7819335020349741,0.9319320159393404,Education,0.36802538805555557,Health,0.6458830769230769,0.2778576888675213
AGO,Angola,Medium,SSA,148.0,0.586,61.6434,0.6406676923076923,5.417390823,0.30096615683333333,12.1721,0.6762277777777778,0.4885969673055556,5465.617791,0.6043833849602035,0.5740706837611295,1.1160083774183351,0.8511094210636622,1.0528030816701435,Education,0.4885969673055556,Health,0.6406676923076923,0.1520707250021367
ALB,Albania,High,ECA,67.0,0.796,76.4626,0.8686553846153845,11.28645502,0.6270252788888889,14.44799995,0.8026666638888889,0.7148459713888888,14131.11039,0.7478714684881707,0.7743946044536154,1.1217218968464742,0.9231029855809211,0.9657498440550751,Education,0.7148459713888888,Health,0.8686553846153845,0.15380941322649566
AND,Andorra,Very High,,40.0,0.858,80.3684,0.9287446153846153,10.55511952,0.5863955288888889,13.30023874,0.7389021522222222,0.6626488405555555,51166.62661,0.9422361949613025,0.8338984721712288,1.1137382383810281,0.7946397105515866,1.129917161867432,Education,0.6626488405555555,Income,0.9422361949613025,0.279587354405747
ARE,United Arab Emirates,Very High,AS,26.0,0.911,78.7104,0.9032369230769232,12.69402981,0.7052238783333333,15.71769047,0.8732050261111112,0.7892144522222222,62573.59181,0.9726370426949116,0.885079956648976,1.0205144928337229,0.891687181811559,1.0989256229204847,Education,0.7892144522222222,Income,0.9726370426949116,0.18342259047268938
ARG,Argentina,Very High,LAC,47.0,0.842,75.3899,0.8521523076923077,11.14726927,0.6192927372222222,17.8748703,0.99304835,0.8061705436111111,20925.26814,0.8071727240649353,0.8215554404362777,1.03724260804576,0.9812734526875062,0.9824933100513527,Education,0.8061705436111111,Health,0.8521523076923077,0.045981764081196586
ARM,Armenia,High,ECA,85.0,0.759,72.0431,0.8006630769230768,11.33030033,0.6294611294444444,13.11676025,0.7287089027777778,0.679085016111111,13157.9939,0.7370937474298574,0.7372796135858369,1.0859693692450925,0.9210684841919197,0.9997479027596118,Education,0.679085016111111,Health,0.8006630769230768,0.12157806081196576
ATG,Antigua and Barbuda,High,LAC,71.0,0.788,78.4968,0.8999507692307691,9.293740746,0.5163189303333333,14.18462641,0.7880348005555555,0.6521768654444444,16792.36595,0.7739354699788827,0.768710767272129,1.17072741471329,0.848403447968837,1.0067967081107687,Education,0.6521768654444444,Health,0.8999507692307691,0.2477739037863247
AUS,Australia,Very High,,5.0,0.951,84.5265,0.9927153846153846,12.72681999,0.707045555,21.05459023,1.0,0.8535227775,49238.43335,0.9364336894456673,0.9257753916600745,1.0723069478389085,0.9219544883014086,1.0115128333304266,Education,0.8535227775,Health,0.9927153846153846,0.1391926071153845
AUT,Austria,Very High,,25.0,0.916,81.5797,0.94738,12.25669003,0.6809272238888888,16.00795937,0.8893310761111111,0.7851291499999999,53618.67138,0.9493070923830079,0.8904796790944608,1.0638985057619752,0.8816923826924461,1.066062611724469,Education,0.7851291499999999,Income,0.9493070923830079,0.16417794238300798
AZE,Azerbaijan,High,ECA,91.0,0.745,69.3658,0.759473846153846,10.5429697,0.5857205388888889,13.49689007,0.7498272261111111,0.6677738824999999,14256.74456,0.749208511062985,0.7242941621454575,1.0485709893121071,0.9219650211206496,1.0343981081439726,Education,0.6677738824999999,Health,0.759473846153846,0.09169996365384614
BDI,Burundi,Low,SSA,187.0,0.426,61.6627,0.6409646153846154,3.129266883,0.17384816016666668,10.72272189,0.5957067716666667,0.3847774659166667,731.7867086,0.3006490776953934,0.42011467645139156,1.525689654069433,0.9158867506529174,0.7156357407813134,Income,0.3006490776953934,Health,0.6409646153846154,0.34031553768922196
BEL,Belgium,Very High,,13.0,0.937,81.8787,0.9519799999999999,12.37567997,0.6875377761111111,19.60421944,1.0,0.8437688880555556,52293.39977,0.9455265918358868,0.9123784661079193,1.0434047222322282,0.9248014057751246,1.0363315520470062,Education,0.8437688880555556,Health,0.9519799999999999,0.10821111194444433
BEN,Benin,Low,SSA,166.0,0.525,59.821,0.6126307692307692,4.304786445,0.2391548025,10.76667976,0.5981488755555556,0.4186518390277778,3408.965923,0.533074783286704,0.515165355359562,1.1891924852034756,0.8126552662602435,1.0347644261028424,Education,0.4186518390277778,Health,0.6126307692307692,0.1939789302029914
BFA,Burkina Faso,Low,SSA,184.0,0.449,59.2696,0.6041476923076923,2.114962259,0.11749790327777777,9.142100334,0.507894463,0.31269618313888886,2117.915916,0.46117581247543443,0.44331327954320726,1.3628008006667651,0.7053616428118124,1.0402932502961175,Education,0.31269618313888886,Health,0.6041476923076923,0.2914515091688034
BGD,Bangladesh,Medium,SA,129.0,0.661,72.3811,0.805863076923077,7.379059792,0.4099477662222222,12.44198036,0.6912211311111112,0.5505844486666667,5472.104781,0.6045625625042206,0.6449244115562052,1.2495465553529386,0.8537193488119084,0.9374161555544296,Education,0.5505844486666667,Health,0.805863076923077,0.25527862825641034
BGR,Bulgaria,High,,68.0,0.795,71.798,0.7968923076923077,11.41318035,0.6340655749999999,13.89729023,0.7720716794444444,0.7030686272222222,23078.95595,0.8219707135727466,0.7722381141079676,1.0319256368391228,0.9104298458958544,1.0644006020373993,Education,0.7030686272222222,Income,0.8219707135727466,0.11890208635052446
BHR,Bahrain,Very High,AS,35.0,0.875,78.7605,0.9040076923076922,11.04658985,0.6136994361111111,16.29755974,0.9054199855555556,0.7595597108333334,39497.24788,0.9031344370409591,0.8527639180648686,1.0600913959388765,0.8907033878226948,1.0590673666052774,Education,0.7595597108333334,Health,0.9040076923076922,0.14444798147435878
BHS,Bahamas,Very High,LAC,55.0,0.812,71.5983,0.79382,12.64192386,0.7023291033333333,12.89945,0.7166361111111111,0.7094826072222222,30486.18429,0.8640174393000595,0.7865544022358657,1.0092372475997604,0.9020133956474484,1.0984840169274963,Education,0.7094826072222222,Income,0.8640174393000595,0.15453483207783725
BIH,Bosnia and Herzegovina,High,ECA,74.0,0.78,75.3003,0.850773846153846,10.53631973,0.5853510961111111,13.8,0.7666666666666667,0.6760088813888889,15241.91465,0.7593019158164209,0.7586829822918251,1.1213825352768998,0.8910294512561825,1.0008157999309886,Education,0.6760088813888889,Health,0.850773846153846,0.17476496476495706
BLR,Belarus,Very High,ECA,60.0,0.808,72.438,0.8067384615384616,12.14358044,0.6746433577777777,15.16996956,0.8427760866666667,0.7587097222222222,18848.96704,0.791387503280102,0.7853547352345496,1.0272281115075033,0.96607263976785,1.0076815835887851,Education,0.7587097222222222,Health,0.8067384615384616,0.04802873931623941
BLZ,Belize,Medium,LAC,123.0,0.683,70.4697,0.7764569230769232,8.847599983,0.4915333323888889,12.99168968,0.7217605377777778,0.6066469350833333,6309.099778,0.626062275165463,0.6656158215683389,1.1665241388755123,0.9114070240306762,0.9405760122863682,Education,0.6066469350833333,Health,0.7764569230769232,0.16980998799358982
BOL,Bolivia,Medium,LAC,118.0,0.692,63.6304,0.6712369230769231,9.827750206,0.5459861225555556,14.94697094,0.8303872744444445,0.6881866985,8111.190194,0.6640152713670352,0.6744038795194195,0.9953040655033699,1.0204370398794298,0.9845958653740438,Income,0.6640152713670352,Education,0.6881866985,0.02417142713296483
BRA,Brazil,High,LAC,87.0,0.754,72.7504,0.8115446153846154,8.128813955,0.45160077527777776,15.59906006,0.8666144477777777,0.6591076115277777,14369.88848,0.7504025827904869,0.7376567982605093,1.1001655746931949,0.893515267644844,1.0172787461052806,Education,0.6591076115277777,Health,0.8115446153846154,0.15243700385683767
BRB,Barbados,High,LAC,70.0,0.79,77.5714,0.8857138461538461,9.852700596,0.5473722553333333,15.71338458,0.87296581,0.7101690326666666,12306.341,0.726985880796769,0.7704191103388083,1.149651967698899,0.9217957124069192,0.9436238938531281,Education,0.7101690326666666,Health,0.8857138461538461,0.17554481348717943
BRN,Brunei,Very High,EAP,51.0,0.829,74.6424,0.8406523076923076,9.18,0.51,13.95178032,0.7750989066666666,0.6425494533333334,64489.53954,0.9771928382283925,0.8081669409263265,1.0401963568674886,0.795070202447082,1.209147255031649,Education,0.6425494533333334,Income,0.9771928382283925,0.3346433848950592
BTN,Bhutan,Medium,SA,127.0,0.666,71.815,0.7971538461538461,5.170262283,0.2872367935,13.22500478,0.7347224877777778,0.5109796406388889,9437.541512,0.6868927977558281,0.6540509312716467,1.2187947574724338,0.7812535938835992,1.050213010812978,Education,0.5109796406388889,Health,0.7971538461538461,0.2861742055149572
BWA,Botswana,Medium,SSA,117.0,0.693,61.1409,0.6329369230769231,10.34,0.5744444444444444,12.26513765,0.6813965361111111,0.6279204902777777,16198.31841,0.7684949047050118,0.6734448348482395,0.9398496956614941,0.9324007814526922,1.1411400978050292,Education,0.6279204902777777,Income,0.7684949047050118,0.14057441442723406
CAF,Central African Republic,Low,SSA,188.0,0.404,53.8947,0.521456923076923,4.334,0.24077777777777776,8.040171714,0.4466762063333333,0.34372699205555557,966.0586107,0.3426026041145626,0.39452474245409325,1.3217343982870722,0.8712431821574576,0.8683932013577773,Income,0.3426026041145626,Health,0.521456923076923,0.17885431896236043
CAN,Canada,Very High,,15.0,0.936,82.6565,0.9639461538461538,13.83442722,0.76857929,16.39625931,0.9109032950000001,0.8397412925000001,46807.98619,0.9287871500242005,0.9092950511142761,1.060102716565879,0.923508042269621,1.0214364951024844,Education,0.8397412925000001,Health,0.9639461538461538,0.12420486134615372
CHE,Switzerland,Very High,,1.0,0.962,83.9872,0.9844184615384616,13.85966015,0.7699811194444445,16.50029945,0.9166833027777778,0.8433322111111111,66933.00454,0.9828104730718608,0.9344356622207971,1.053489824220615,0.9025043084366366,1.0517690118291239,Education,0.8433322111111111,Health,0.9844184615384616,0.14108625042735046
CHL,Chile,Very High,LAC,42.0,0.855,78.9435,0.906823076923077,10.9349663,0.6074981277777778,16.73130035,0.9295166861111112,0.7685074069444444,24563.24486,0.8313860187865509,0.8336641244735988,1.087755908287013,0.9218429633513421,0.9972673578960995,Education,0.7685074069444444,Health,0.906823076923077,0.13831566997863254
CHN,China,High,EAP,79.0,0.768,78.2107,0.8955492307692308,7.600118446,0.42222880255555556,14.2361149,0.7908952722222222,0.6065620373888889,17504.39969,0.7802084949887267,0.7511473196804034,1.1922417977212076,0.8075140807890624,1.0386890488016227,Education,0.6065620373888889,Health,0.8955492307692308,0.28898719338034184
CIV,Ivory Coast,Medium,SSA,159.0,0.55,58.5983,0.59382,5.199138977,0.28884105427777773,10.67558002,0.5930877788888889,0.4409644165833333,5217.448516,0.597364026345281,0.5388060670365615,1.1021034029293983,0.8184102658840532,1.1086809575675136,Education,0.4409644165833333,Income,0.597364026345281,0.15639960976194767
CMR,Cameroon,Medium,SSA,151.0,0.576,60.3334,0.6205138461538461,6.15131,0.34173944444444443,13.10859922,0.7282555122222223,0.5349974783333333,3620.932408,0.5421868527671243,0.5646128153926451,1.0990077257143485,0.9475475294716494,0.9602808118871244,Education,0.5349974783333333,Health,0.6205138461538461,0.08551636782051275
COD,The Democratic Republic of the Congo,Low,SSA,179.0,0.479,59.193,0.6029692307692307,7.018696516,0.38992758422222223,9.817864451,0.5454369139444445,0.46768224908333333,1076.098781,0.3588974442275858,0.46602097878350773,1.2938671395077752,1.00356479724188,0.7701315188952327,Income,0.3588974442275858,Health,0.6029692307692307,0.2440717865416449
COG,Congo,Medium,SSA,153.0,0.571,63.5187,0.6695184615384616,6.166,0.34255555555555556,12.33081527,0.6850452927777778,0.5138004241666667,2889.283521,0.5080900985286656,0.5591125607234528,1.197466321758451,0.918957040603496,0.9087438455527315,Income,0.5080900985286656,Health,0.6695184615384616,0.16142836300979602
COL,Colombia,High,LAC,88.0,0.752,72.8296,0.8127630769230769,8.862859726,0.4923810958888889,14.44274998,0.8023749988888889,0.6473780473888888,14384.35666,0.7505545952453737,0.7336710921154445,1.1078030546080002,0.8823818388731374,1.023012359777251,Education,0.6473780473888888,Health,0.8127630769230769,0.1653850295341881
COM,Comoros,Medium,SSA,156.0,0.558,63.4174,0.66796,5.078649,0.28214716666666667,11.92432393,0.6624624405555556,0.47230480361111116,3142.064119,0.5207593529757455,0.547692296513144,1.2195899125339802,0.8623542938580959,0.9508246807397771,Education,0.47230480361111116,Health,0.66796,0.19565519638888884
CPV,Cabo Verde,Medium,SSA,128.0,0.662,74.0518,0.8315661538461538,6.287719287,0.34931773816666667,12.55461444,0.69747858,0.5233981590833333,6230.200199,0.624161309254413,0.6476523510668705,1.2839699454133444,0.8081467753821096,0.9637289330089501,Education,0.5233981590833333,Health,0.8315661538461538,0.30816799476282053
CRI,Costa Rica,Very High,LAC,58.0,0.809,77.0232,0.8772800000000001,8.804059982,0.48911444344444444,16.54577065,0.9192094805555556,0.704161962,19974.27358,0.800146773649239,0.7906667627501042,1.1095445531928483,0.890592592447895,1.0119898942838592,Education,0.704161962,Health,0.8772800000000001,0.17311803800000003
CUB,Cuba,High,LAC,83.0,0.764,73.6829,0.8258907692307693,12.49773438,0.6943185766666667,14.44305992,0.8023922177777778,0.7483553972222223,7878.847482,0.6596251417929895,0.74149672287378,1.11381580491672,1.0092497702779597,0.889586051353693,Income,0.6596251417929895,Health,0.8258907692307693,0.16626562743777984
CYP,Cyprus,Very High,,29.0,0.896,81.2033,0.9415892307692307,12.44017029,0.6911205716666666,15.64826965,0.8693483138888889,0.7802344427777778,38188.42152,0.8980440662237362,0.8705520638109157,1.0816001361794996,0.896252476115254,1.0315799635147287,Education,0.7802344427777778,Health,0.9415892307692307,0.16135478799145297
CZE,Czechia,Very High,,32.0,0.889,77.7283,0.8881276923076924,12.86931038,0.7149616877777778,16.21968079,0.9010933772222223,0.8080275325,38745.21386,0.9002305778123207,0.8644736838175728,1.0273623233800038,0.9347046042300526,1.0413626171207933,Education,0.8080275325,Income,0.9002305778123207,0.09220304531232071
DEU,Germany,Very High,,9.0,0.942,80.6301,0.9327707692307692,14.09096691,0.782831495,17.01013947,0.9450077483333332,0.8639196216666667,54534.21682,0.9518646142769361,0.9153934825708038,1.0189834065796086,0.9437685958178583,1.0398420268447905,Education,0.8639196216666667,Income,0.9518646142769361,0.08794499261026945
DJI,Djibouti,Low,AS,171.0,0.509,62.3049,0.6508446153846155,4.1,0.22777777777777775,7.43298,0.41294333333333333,0.32036055555555554,5024.993944,0.5916867109415656,0.49781661780417,1.3073983312478397,0.6435312605044018,1.188563599084838,Education,0.32036055555555554,Health,0.6508446153846155,0.33048405982905993
DMA,Dominica,High,LAC,102.0,0.72,72.814,0.8125230769230768,8.142186,0.4523436666666667,13.3191862,0.7399547888888889,0.5961492277777778,11487.62422,0.7165865461171559,0.7027806252937925,1.1561546344329103,0.8482721439973702,1.019644708926903,Education,0.5961492277777778,Health,0.8125230769230768,0.216373849145299
DNK,Denmark,Very High,,6.0,0.948,81.3753,0.9442353846153846,12.96049023,0.720027235,18.71479988,1.0,0.8600136174999999,60364.78595,0.9672084906141163,0.9226462760206958,1.0233991174687238,0.9321162831862002,1.0482982652741135,Education,0.8600136174999999,Income,0.9672084906141163,0.10719487311411635
DOM,Dominican Republic,High,LAC,80.0,0.767,72.6146,0.8094553846153846,9.306864107,0.5170480059444444,14.46655802,0.8036976677777778,0.6603728368611111,17989.60037,0.7843385963738226,0.7484484639014066,1.0815111843452383,0.8823223891980655,1.0479527104449289,Education,0.6603728368611111,Health,0.8094553846153846,0.14908254775427343
DZA,Algeria,High,AS,91.0,0.745,76.3767,0.8673338461538461,8.069284397,0.44829357761111116,14.62689602,0.8126053344444445,0.6304494560277778,10800.22546,0.7072659103246092,0.7285730425897202,1.1904555829720234,0.8653208658212755,0.9707549812859193,Education,0.6304494560277778,Health,0.8673338461538461,0.23688439012606832
ECU,Ecuador,High,LAC,95.0,0.74,73.67,0.8256923076923077,8.817119598,0.48983997766666665,14.62423038,0.8124572433333334,0.6511486105,10311.63273,0.7002728818219428,0.7220853852414204,1.143482923998313,0.9017612373947942,0.9697923488477961,Education,0.6511486105,Health,0.8256923076923077,0.17454369719230778
EGY,Egypt,High,AS,97.0,0.731,70.2207,0.7726261538461537,9.573026174,0.5318347874444445,13.78649972,0.7659166511111111,0.6488757192777778,11731.69056,0.7197622623472784,0.7119344363865677,1.0852490262553214,0.911426229880317,1.0109951500596612,Education,0.6488757192777778,Health,0.7726261538461537,0.12375043456837598
ERI,Eritrea,Low,SSA,176.0,0.492,66.5358,0.7159353846153845,4.8872352,0.2715130666666667,8.064524628,0.44802914599999993,0.3597711063333333,1728.742667,0.4305057310208173,0.4804258297315371,1.4902100185068123,0.7488587916565064,0.8960919758652127,Education,0.3597711063333333,Health,0.7159353846153845,0.3561642782820512
ESP,Spain,Very High,,27.0,0.905,83.01,0.9693846153846155,10.60540009,0.5891888938888888,17.91690063,0.9953833683333334,0.7922861311111111,38353.60164,0.8986960333795478,0.8837518457304252,1.0968968495714024,0.8965029436020955,1.016909936563438,Education,0.7922861311111111,Health,0.9693846153846155,0.1770984842735044
EST,Estonia,Very High,,31.0,0.89,77.1436,0.8791323076923078,13.54843044,0.75269058,15.92895985,0.8849422138888889,0.8188163969444444,38048.26372,0.8974886469325173,0.8644832408143808,1.0169454608097745,0.9471744023320612,1.0381793475684318,Education,0.8188163969444444,Income,0.8974886469325173,0.07867224998807287
ETH,Ethiopia,Low,SSA,175.0,0.498,64.9748,0.69192,3.201520681,0.17786226005555555,9.651071421,0.5361706344999999,0.3570164472777777,2361.069604,0.4775928804340904,0.49045667629529377,1.4107668086536747,0.7279265723825635,0.9737717998695193,Education,0.3570164472777777,Health,0.69192,0.3349035527222223
FIN,Finland,Very High,,11.0,0.94,82.0381,0.9544323076923077,12.87362003,0.7152011127777778,19.05192947,1.0,0.8576005563888889,49452.16672,0.9370879706229717,0.9153844197773751,1.0426573656611167,0.9368747575990648,1.023709766494469,Education,0.8576005563888889,Health,0.9544323076923077,0.09683175130341881
FJI,Fiji,High,EAP,99.0,0.73,67.114,0.7248307692307693,10.92154799,0.6067526661111111,14.73679,0.8187105555555555,0.7127316108333333,9980.110866,0.6953366146363089,0.7108630057559712,1.0196490228942834,1.0026286430187417,0.9781583919912239,Income,0.6953366146363089,Health,0.7248307692307693,0.029494154594460364
FRA,France,Very High,,28.0,0.903,82.4988,0.96152,11.61005974,0.645003318888889,15.81206989,0.8784483272222222,0.7617258230555556,45937.05273,0.9259500525436972,0.8785804203093265,1.0944018074765114,0.8669961285813435,1.0539161027714379,Education,0.7617258230555556,Health,0.96152,0.19979417694444446
FSM,Micronesia,Medium,EAP,134.0,0.628,70.71,0.7801538461538461,7.804956,0.43360866666666664,11.54947988,0.6416377711111111,0.5376232188888889,3696.173945,0.5452935633923531,0.6115465878332035,1.2757063184965876,0.8791206256153997,0.8916631606504515,Education,0.5376232188888889,Health,0.7801538461538461,0.24253062726495722
GAB,Gabon,High,SSA,112.0,0.706,65.821,0.7049384615384615,9.436,0.5242222222222223,12.97731,0.7209616666666666,0.6225919444444444,13366.93455,0.7394735717961164,0.6872147202842726,1.0257906891849717,0.9059642147754107,1.0760444297383887,Education,0.6225919444444444,Income,0.7394735717961164,0.11688162735167196
GBR,United Kingdom,Very High,,18.0,0.929,80.7422,0.9344953846153846,13.4061203,0.7447844611111111,17.30971909,0.9616510605555556,0.8532177608333333,45224.76564,0.9235894757388873,0.9030365762893302,1.034836693387683,0.944831896332807,1.022759764099491,Education,0.8532177608333333,Health,0.9344953846153846,0.08127762378205128
GEO,Georgia,Very High,ECA,63.0,0.802,71.694,0.7952923076923077,12.82221985,0.7123455472222222,15.56851959,0.864917755,0.7886316511111111,14664.16825,0.7534647913292357,0.7789112610362764,1.0210306969169218,1.012479457623841,0.9673307204813212,Income,0.7534647913292357,Health,0.7952923076923077,0.041827516363072026
GHA,Ghana,Medium,SSA,133.0,0.632,63.7954,0.6737753846153847,8.329886695,0.4627714830555556,12.04778004,0.6693211133333333,0.5660462981944445,5744.504017,0.6119008870757989,0.6156719855348844,1.0943739530880572,0.9193958982926176,0.993874825316586,Education,0.5660462981944445,Health,0.6737753846153847,0.10772908642094015
GIN,Guinea,Low,SSA,182.0,0.465,58.8922,0.5983415384615385,2.202125952,0.12234033066666666,9.805297465,0.5447387480555556,0.33353953936111114,2480.887182,0.4850703645858297,0.45916319959736385,1.3031130085908864,0.7264073855517799,1.0564225639406286,Education,0.33353953936111114,Health,0.5983415384615385,0.26480199910042734
GMB,Gambia,Low,SSA,174.0,0.5,62.083,0.6474307692307693,4.637487411,0.2576381895,9.418626299,0.5232570166111111,0.3904476030555556,2172.207664,0.46499925363895483,0.48985714925761054,1.3216725941674323,0.7970642127960931,0.9492548069241648,Education,0.3904476030555556,Health,0.6474307692307693,0.25698316617521366
GNB,Guinea-Bissau,Low,SSA,177.0,0.483,59.6523,0.6100353846153845,3.583719,0.19909549999999998,10.61306278,0.5896145988888889,0.39435504944444444,1908.24159,0.4454281977716832,0.4749778745205508,1.2843448449702266,0.8302598301921155,0.9377872563460026,Education,0.39435504944444444,Health,0.6100353846153845,0.2156803351709401
GNQ,Equatorial Guinea,Medium,SSA,145.0,0.596,60.5943,0.6245276923076922,5.910863,0.32838127777777776,9.73494,0.54083,0.4346056388888889,12073.95993,0.724106215310846,0.5814108214785443,1.07415904423571,0.7475018056658704,1.2454295457890228,Education,0.4346056388888889,Income,0.724106215310846,0.28950057642195703
GRC,Greece,Very High,,33.0,0.887,80.1106,0.9247784615384617,11.40853024,0.6338072355555555,20.02878952,1.0,0.8169036177777778,29002.48545,0.8564809553597278,0.864918949286872,1.0692082330962271,0.9444857445328455,0.99024417960307,Education,0.8169036177777778,Health,0.9247784615384617,0.1078748437606839
GRD,Grenada,High,LAC,68.0,0.795,74.9362,0.8451723076923077,9.032104,0.5017835555555555,18.66202035,1.0,0.7508917777777777,13483.5774,0.740785999796606,0.7775681406111088,1.0869430774620823,0.9656925722132012,0.9526959260630266,Income,0.740785999796606,Health,0.8451723076923077,0.10438630789570169
GTM,Guatemala,Medium,LAC,135.0,0.627,69.2368,0.7574892307692308,5.681300163,0.31562778683333337,10.56245041,0.5868028005555556,0.45121529369444446,8723.285317,0.6750047736766245,0.6133227008508146,1.2350581997346994,0.7356898628870393,1.1005703404427116,Education,0.45121529369444446,Health,0.7574892307692308,0.30627393707478634
GUY,Guyana,High,LAC,108.0,0.714,65.6734,0.7026676923076923,8.617477,0.4787487222222222,12.50272216,0.6945956755555556,0.5866721988888889,22464.65734,0.8178955448707691,0.6960083431332151,1.0095679157300024,0.842909721811482,1.1751231906055255,Education,0.5866721988888889,Income,0.8178955448707691,0.2312233459818802
HKG,Hong Kong,Very High,,4.0,0.952,85.4734,1.0,12.22620964,0.6792338688888889,17.27816963,0.9598983127777778,0.8195660908333333,62606.8454,0.9727172971753811,0.9272358332478432,1.0784742825320768,0.883880951799098,1.04905058917776,Education,0.8195660908333333,Health,1.0,0.18043390916666668
HND,Honduras,Medium,LAC,137.0,0.621,70.1229,0.7711215384615385,7.088479996,0.3938044442222222,10.13281417,0.5629341205555556,0.4783692823888889,5297.955301,0.5996770614160104,0.6047852420205989,1.275033656385541,0.7909738021891012,0.9915537280844983,Education,0.4783692823888889,Health,0.7711215384615385,0.29275225607264965
HRV,Croatia,Very High,,40.0,0.858,77.5804,0.8858523076923076,12.19108434,0.6772824633333333,15.11209965,0.8395610916666666,0.7584217775,30132.28814,0.8622536650912279,0.8336217839513139,1.0626549410614299,0.9097912171934006,1.0343463686903678,Education,0.7584217775,Health,0.8858523076923076,0.12743053019230766
HTI,Haiti,Low,LAC,163.0,0.535,63.1924,0.6644984615384615,5.554,0.3085555555555556,9.7,0.5388888888888889,0.4237222222222222,2847.500746,0.5058896883517494,0.5222482773094028,1.272380380002256,0.8113424986391876,0.9686766052308836,Education,0.4237222222222222,Health,0.6644984615384615,0.24077623931623926
HUN,Hungary,Very High,,46.0,0.846,74.5301,0.8389246153846155,12.24958992,0.6805327733333333,15.0336281,0.8352015611111111,0.7578671672222221,32789.01063,0.875017289047898,0.8224526193839777,1.0200278965771614,0.9214721302606702,1.0639120946605916,Education,0.7578671672222221,Income,0.875017289047898,0.11715012182567586
IDN,Indonesia,High,EAP,114.0,0.705,67.5703,0.7318507692307693,8.556509972,0.47536166511111116,13.74889386,0.7638274366666667,0.6195945508888889,11466.06836,0.7163028325365473,0.6873990547598614,1.0646665341814252,0.9013607839558936,1.0420480324733399,Education,0.6195945508888889,Health,0.7318507692307693,0.11225621834188038
IND,India,Medium,SA,132.0,0.633,67.2398,0.7267661538461538,6.655109195,0.36972828861111107,11.87462044,0.6597011355555555,0.5147147120833333,6589.980037,0.6326418578099257,0.6185475145494087,1.1749560652193047,0.8321344762953027,1.0227861933464952,Education,0.5147147120833333,Health,0.7267661538461538,0.21205144176282054
IRL,Ireland,Very High,,8.0,0.945,81.9976,0.9538092307692309,11.58222303,0.643456835,18.94522095,1.0,0.8217284174999999,76168.98443,1.0,0.9219979224739179,1.0345025813181405,0.8912475803580192,1.084601142393885,Education,0.8217284174999999,Income,1.0,0.17827158250000008
IRN,Iran,High,SA,76.0,0.774,73.8749,0.8288446153846153,10.63645314,0.5909140633333334,14.61524963,0.8119583127777777,0.7014361880555555,13000.7117,0.7352772459236994,0.7533049217522776,1.100277711523009,0.9311451018054294,0.9760685543024945,Education,0.7014361880555555,Health,0.8288446153846153,0.12740842732905977
IRQ,Iraq,Medium,AS,121.0,0.686,70.3779,0.7750446153846153,7.905593489,0.4391996382777778,12.08747317,0.6715262872222223,0.5553629627500001,9977.249073,0.6952932932512202,0.6688938746236696,1.1586959378581063,0.8302706659744137,1.039467275197285,Education,0.5553629627500001,Health,0.7750446153846153,0.21968165263461525
ISL,Iceland,Very High,,3.0,0.959,82.6782,0.96428,13.76716995,0.764842775,19.16305923,1.0,0.8824213875,55782.04981,0.9552820679380805,0.9332620442822778,1.0332360625911627,0.9455237067726496,1.0235946846769464,Education,0.8824213875,Health,0.96428,0.08185861250000004
ISR,Israel,Very High,,22.0,0.919,82.255,0.9577692307692307,13.3448664,0.7413814666666667,16.05088997,0.8917161094444445,0.8165487880555555,41523.74319,0.910692418890874,0.8930413746042106,1.072480243363536,0.914345976878668,1.0197650912808898,Education,0.8165487880555555,Health,0.9577692307692307,0.14122044271367518
ITA,Italy,Very High,,30.0,0.895,82.8502,0.9669261538461539,10.7401104,0.5966728,16.22678947,0.9014883038888889,0.7490805519444445,42839.51441,0.9154046812600373,0.8719902977152896,1.1088726060136296,0.8590468883737787,1.0497876910540154,Education,0.7490805519444445,Health,0.9669261538461539,0.21784560190170943
JAM,Jamaica,High,LAC,110.0,0.709,70.5003,0.7769276923076922,9.154628661,0.5085904811666667,13.40492042,0.7447178011111111,0.6266541411388888,8834.47567,0.6769180204334321,0.6907404094882119,1.124775214589427,0.9072209074943128,0.9799890250158939,Education,0.6266541411388888,Health,0.7769276923076922,0.15027355116880337
JOR,Jordan,High,AS,102.0,0.72,74.2563,0.8347123076923076,10.44668007,0.5803711149999999,10.64655972,0.59147554,0.5859233275,9923.714974,0.6944806037790132,0.6977168996649226,1.1963481292959608,0.8397723027511427,0.9953615916606526,Education,0.5859233275,Health,0.8347123076923076,0.24878898019230766
JPN,Japan,Very High,,19.0,0.925,84.7839,0.9966753846153846,13.36610034,0.7425611299999999,15.22162588,0.8456458822222221,0.794103506111111,42274.29134,0.9133983924187745,0.8974915388710801,1.110512290588348,0.8848033343133052,1.0177236807911336,Education,0.794103506111111,Health,0.9966753846153846,0.2025718785042736
KAZ,Kazakhstan,Very High,ECA,56.0,0.811,69.3622,0.7594184615384616,12.34756189,0.6859756605555556,15.76500034,0.8758333522222223,0.7809045063888889,23942.81837,0.8275215910286289,0.7887743955813027,0.9627828512090498,0.9900226360839034,1.0491232926225638,Health,0.7594184615384616,Income,0.8275215910286289,0.06810312949016728
KEN,Kenya,Medium,SSA,152.0,0.575,61.427,0.6373384615384615,6.652,0.3695555555555556,10.69855835,0.5943643527777778,0.4819599541666667,4473.570344,0.5741283818020458,0.5607854016390118,1.1365104363910108,0.8594374118121453,1.023793380006035,Education,0.4819599541666667,Health,0.6373384615384615,0.15537850737179482
KGZ,Kyrgyzstan,Medium,ECA,118.0,0.692,69.9774,0.768883076923077,11.37410556,0.6318947533333333,13.1953001,0.7330722277777778,0.6824834905555556,4566.303831,0.5772276320401197,0.671583248744712,1.1448812613480648,1.0162306636313783,0.8595027245230479,Income,0.5772276320401197,Health,0.768883076923077,0.19165544488295727
KHM,Cambodia,Medium,EAP,146.0,0.593,69.5835,0.7628230769230769,5.088,0.2826666666666667,11.46772,0.6370955555555555,0.4598811111111111,4078.697154,0.5601694406878955,0.5813838129642166,1.3120817262417104,0.7910112061193836,0.9635105556720638,Education,0.4598811111111111,Health,0.7628230769230769,0.30294196581196586
KIR,Kiribati,Medium,EAP,136.0,0.624,67.4172,0.7294953846153845,7.984461822,0.44358121233333336,11.801993,0.6556662777777778,0.5496237450555556,4062.586034,0.5595715791135749,0.6076421540901307,1.2005345246458652,0.9045187884941088,0.9208899931431921,Education,0.5496237450555556,Health,0.7294953846153845,0.179871639559829
KNA,Saint Kitts and Nevis,High,LAC,75.0,0.777,71.6822,0.7951107692307692,8.662745,0.48126361111111104,15.42769157,0.8570939761111112,0.6691787936111111,23358.33212,0.8237882995089557,0.7596178150506347,1.04672475220683,0.8809414160020784,1.0844773295029204,Education,0.6691787936111111,Income,0.8237882995089557,0.1546095058978446
KOR,South Korea,Very High,,19.0,0.925,83.6978,0.9799661538461538,12.51293027,0.6951627927777778,16.52173996,0.9178744422222223,0.8065186175000001,44500.93187,0.9211522339104056,0.899605898428893,1.0893282887068716,0.8965243768505028,1.0239508606147891,Education,0.8065186175000001,Health,0.9799661538461538,0.17344753634615373
KWT,Kuwait,Very High,AS,50.0,0.831,78.6729,0.90266,7.328022618,0.4071123676666667,15.32443332,0.8513574066666667,0.6292348871666666,52919.76137,0.9473251620216231,0.8133522792930927,1.1098020168880909,0.7736314302992454,1.16471692050211,Education,0.6292348871666666,Income,0.9473251620216231,0.31809027485495645
LAO,Lao,Medium,EAP,140.0,0.607,68.0608,0.7393969230769231,5.374,0.2985555555555555,10.13611031,0.5631172394444444,0.4308363974999999,7699.579617,0.6561484578272675,0.5934680990147579,1.2458916061443368,0.7259638693558256,1.105617065039499,Education,0.4308363974999999,Health,0.7393969230769231,0.30856052557692315
LBN,Lebanon,High,AS,112.0,0.706,75.0472,0.8468800000000001,8.718636,0.48436866666666667,11.28587,0.6269927777777777,0.5556807222222222,9525.831467,0.6882993829774431,0.6867650662806579,1.2331436783563894,0.809127821878951,1.0022341216408903,Education,0.5556807222222222,Health,0.8468800000000001,0.2911992777777779
LBR,Liberia,Low,SSA,178.0,0.481,60.7472,0.62688,5.082,0.2823333333333333,10.42078972,0.5789327622222222,0.4306330477777778,1288.74235,0.386136502360634,0.4706277624663617,1.3320081176571188,0.9150183693393087,0.8204711518441994,Income,0.386136502360634,Health,0.62688,0.24074349763936598
LBY,Libya,High,AS,104.0,0.718,71.9112,0.798633846153846,7.599985,0.4222213888888889,12.85428,0.7141266666666666,0.5681740277777777,15335.712,0.7602286503801452,0.7013332684707099,1.1387365779685663,0.8101341449503855,1.0839763127704742,Education,0.5681740277777777,Health,0.798633846153846,0.23045981837606833
LCA,Saint Lucia,High,LAC,106.0,0.715,71.1114,0.7863292307692308,8.545040131,0.4747244517222222,12.86610985,0.7147838805555556,0.5947541661388889,12048.30381,0.7237848934420459,0.6969214141631284,1.128289667657098,0.8534020537352506,1.038545923160039,Education,0.5947541661388889,Health,0.7863292307692308,0.1915750646303419
LIE,Liechtenstein,Very High,,16.0,0.935,83.2575,0.9731923076923076,12.53854,0.6965855555555556,15.18157005,0.8434205583333333,0.7700030569444445,146829.7006,1.0,0.908302212952942,1.0714410840510937,0.8477388318158126,1.100955150983221,Education,0.7700030569444445,Income,1.0,0.22999694305555551
LKA,Sri Lanka,High,SA,73.0,0.782,76.3991,0.8676784615384616,10.82730007,0.6015166705555556,14.13990486,0.78555027,0.6935334702777778,12578.22055,0.7302867706624137,0.760279403312832,1.1412626170821547,0.9122086791458295,0.9605505127197597,Education,0.6935334702777778,Health,0.8676784615384616,0.17414499126068383
LSO,Lesotho,Low,SSA,168.0,0.514,53.062,0.5086461538461539,6.010184707,0.33389915038888884,12.04087801,0.6689376672222223,0.5014184088055555,2700.435748,0.49787942494041926,0.5026280708873831,1.0119732329078752,0.9975933256578926,0.9905523662087152,Income,0.49787942494041926,Health,0.5086461538461539,0.010766728905734602
LTU,Lithuania,Very High,,35.0,0.875,73.7201,0.826463076923077,13.49810028,0.7498944599999999,16.28506088,0.9047256044444444,0.8273100322222222,37931.30359,0.8970235873761092,0.8496339736138617,0.97272837785402,0.9737252251146619,1.05577650521751,Health,0.826463076923077,Income,0.8970235873761092,0.07056051045303224
LUX,Luxembourg,Very High,,17.0,0.93,82.6287,0.9635184615384614,13.01519217,0.7230662316666667,14.39813995,0.7998966638888888,0.7614814477777778,84649.47467,1.0,0.9019306017918881,1.0682844773469435,0.8442794226794429,1.1087327539538796,Education,0.7614814477777778,Income,1.0,0.23851855222222218
LVA,Latvia,Very High,,39.0,0.863,73.5786,0.8242861538461538,13.25271988,0.7362622155555556,16.20252991,0.9001405505555555,0.8182013830555556,32803.23423,0.875082801558992,0.8388077882149585,0.9826877687918137,0.9754336983407668,1.0432459186165035,Education,0.8182013830555556,Income,0.875082801558992,0.05688141850343642
MAR,Morocco,Medium,AS,123.0,0.683,74.0419,0.8314138461538462,5.916,0.32866666666666666,14.15190983,0.7862172127777778,0.5574419397222222,7302.81917,0.6481568134376013,0.669728830087213,1.241418629157085,0.8323397689922224,0.9677899238012458,Education,0.5574419397222222,Health,0.8314138461538462,0.27397190643162395
MDA,Moldova,High,ECA,80.0,0.767,68.8459,0.7514753846153847,11.82159042,0.6567550233333334,14.43299961,0.8018333116666666,0.7292941675,14875.33189,0.7556244772603283,0.7453744567357325,1.0081850509157106,0.9784265625278413,1.0137515049408647,Education,0.7292941675,Income,0.7556244772603283,0.026330309760328352
MDG,Madagascar,Low,SSA,173.0,0.501,64.4853,0.6843892307692307,5.120468534,0.2844704741111111,10.13499142,0.563055078888889,0.42376277650000005,1483.520983,0.4073978208029117,0.49069868187272825,1.3947240048766623,0.8635906150852688,0.8302402999088916,Income,0.4073978208029117,Health,0.6843892307692307,0.27699140996631905
MDV,Maldives,High,SA,90.0,0.747,79.9182,0.9218184615384615,7.322,0.4067777777777778,12.63560963,0.7019783127777778,0.5543780452777778,15448.12788,0.7613319005609303,0.7300318656252187,1.2627098965727908,0.7593888313395658,1.0428748886309303,Education,0.5543780452777778,Health,0.9218184615384615,0.3674404162606837
MEX,Mexico,High,LAC,86.0,0.758,70.2127,0.7725030769230768,9.221050262,0.5122805701111112,14.86443996,0.82580222,0.6690413950555556,17896.29498,0.7835530874405006,0.7398446616331955,1.0441422598330146,0.9042998209633049,1.059077841706419,Education,0.6690413950555556,Income,0.7835530874405006,0.11451169238494496
MHL,Marshall Islands,Medium,EAP,131.0,0.639,65.2688,0.6964430769230769,10.88313961,0.6046188672222222,10.2393198,0.5688511,0.5867349836111111,4619.535393,0.5789783751883766,0.6184861575702061,1.1260447277577457,0.9486630807004103,0.9361218001433689,Income,0.5789783751883766,Health,0.6964430769230769,0.11746470173470036
MKD,North Macedonia,High,ECA,78.0,0.77,73.8415,0.8283307692307692,10.22815037,0.568230576111111,13.62443234,0.7569129077777778,0.6625717419444443,15917.75283,0.7658555957585714,0.7490794182378052,1.1057983293405675,0.8845146800363726,1.02239572615709,Education,0.6625717419444443,Health,0.8283307692307692,0.16575902728632486
MLI,Mali,Low,SSA,186.0,0.428,58.9414,0.5990984615384616,2.31,0.12833333333333333,7.423037617,0.41239097872222225,0.2703621560277778,2132.629443,0.4622215942618771,0.42146816741628135,1.421456014605098,0.6414770483976857,1.096693961718214,Education,0.2703621560277778,Health,0.5990984615384616,0.3287363055106838
MLT,Malta,Very High,,23.0,0.918,83.7769,0.9811830769230769,12.21026039,0.6783477994444445,16.83856964,0.9354760911111111,0.8069119452777778,38884.45623,0.9007724680605135,0.8934366539328823,1.0982122488527166,0.9031551836672188,1.0082107825947584,Education,0.8069119452777778,Health,0.9811830769230769,0.17427113164529917
MMR,Myanmar,Medium,EAP,149.0,0.585,65.6716,0.7026399999999999,6.37680006,0.35426667,10.90913752,0.6060631955555555,0.4801649327777778,3850.524234,0.5514734177105741,0.5708858747927367,1.2307889037455995,0.8410874291680528,0.965995905768013,Education,0.4801649327777778,Health,0.7026399999999999,0.22247506722222216
MNE,Montenegro,Very High,ECA,49.0,0.832,76.3426,0.8668092307692309,12.17648306,0.6764712811111111,15.08160973,0.8378672072222222,0.7571692441666666,20838.80129,0.8065472423000017,0.8089383676392256,1.071539273503485,0.9360036245732294,0.997044119261889,Education,0.7571692441666666,Health,0.8668092307692309,0.10963998660256424
MNG,Mongolia,High,EAP,96.0,0.739,70.9754,0.7842369230769229,9.423700333,0.5235389073888889,14.98034954,0.8322416411111111,0.6778902742499999,10588.22532,0.7042713142852339,0.7207459810906316,1.0880905945395865,0.9405397907654199,0.9771422009450983,Education,0.6778902742499999,Health,0.7842369230769229,0.10634664882692302
MOZ,Mozambique,Low,SSA,185.0,0.446,59.3247,0.6049953846153846,3.197641838,0.17764676877777777,10.2191516,0.5677306444444444,0.3726887066111111,1198.073924,0.3751167425929476,0.43895659757440325,1.378257868678777,0.849033158791833,0.854564539332081,Education,0.3726887066111111,Health,0.6049953846153846,0.23230667800427351
MRT,Mauritania,Medium,SSA,158.0,0.556,64.3636,0.6825169230769231,4.918804891,0.2732669383888889,9.376159668,0.5208977593333333,0.39708234886111105,5075.305711,0.5931916056237204,0.543746324526564,1.2552120212880256,0.730271324972813,1.0909344649643526,Education,0.39708234886111105,Health,0.6825169230769231,0.2854345742158121
MUS,Mauritius,Very High,SSA,63.0,0.802,73.5552,0.8239261538461539,10.42791048,0.57932836,15.17352977,0.8429738761111111,0.7111511180555555,22025.34631,0.8149122856930096,0.781604438801321,1.0541472296520449,0.9098606440185861,1.0426147105085148,Education,0.7111511180555555,Health,0.8239261538461539,0.11277503579059833
MWI,Malawi,Low,SSA,169.0,0.512,62.9044,0.6600676923076924,4.489695385,0.2494275213888889,12.67898523,0.7043880683333333,0.4769077948611111,1465.635064,0.4055655652976141,0.50353306054365,1.310872600093103,0.9471231031904989,0.8054397954718937,Income,0.4055655652976141,Health,0.6600676923076924,0.25450212701007824
MYS,Malaysia,Very High,EAP,62.0,0.803,74.8839,0.8443676923076923,10.64505959,0.5913921994444444,13.34304047,0.7412800261111111,0.6663361127777778,26657.94355,0.8437478097825941,0.7800920866491445,1.082394895113782,0.8541762237840392,1.0816002677413128,Education,0.6663361127777778,Health,0.8443676923076923,0.17803157952991444
NAM,Namibia,Medium,SSA,139.0,0.615,59.269,0.6041384615384615,7.192013277,0.3995562931666667,11.92720692,0.6626226066666666,0.5310894499166666,8633.504452,0.6734420382439525,0.6000693722596019,1.0067810314389771,0.8850467537058478,1.1222736393095034,Education,0.5310894499166666,Income,0.6734420382439525,0.14235258832728592
NER,Niger,Low,SSA,189.0,0.4,61.5763,0.6396353846153847,2.116717299,0.11759540549999999,6.957111988,0.3865062215555556,0.2520508135277778,1239.866936,0.38029627145089673,0.3943188609556802,1.6221272882183464,0.6392055731671108,0.964438450976456,Education,0.2520508135277778,Health,0.6396353846153847,0.3875845710876069
NGA,Nigeria,Low,SSA,163.0,0.535,52.676,0.5027076923076923,7.181074153,0.39894856405555557,10.12758388,0.5626435488888889,0.48079605647222223,4790.284425,0.5844610415715158,0.5208076223415399,0.9652464187208499,0.9231740010074613,1.1222205983541322,Education,0.48079605647222223,Income,0.5844610415715158,0.10366498509929356
NIC,Nicaragua,Medium,LAC,126.0,0.667,73.8368,0.8282584615384615,7.144,0.3968888888888889,12.64135783,0.7022976572222223,0.5495932730555556,5624.793595,0.608719755880328,0.6519409018052851,1.2704502190995175,0.843010879565434,0.9337038897156572,Education,0.5495932730555556,Health,0.8282584615384615,0.2786651884829059
NLD,Netherlands,Very High,,10.0,0.941,81.6873,0.9490353846153845,12.58162975,0.6989794305555556,18.69316522,1.0,0.8494897152777778,55979.411,0.9558155715210706,0.9167935390615007,1.0351680549438524,0.9265878074875831,1.0425635988878321,Education,0.8494897152777778,Income,0.9558155715210706,0.10632585624329272
NOR,Norway,Very High,,2.0,0.961,83.2339,0.9728292307692309,13.00362968,0.7224238711111111,18.18519974,1.0,0.8612119355555555,64660.10622,0.9775918341284558,0.9356241121947793,1.0397650275249706,0.9204678720125454,1.0448553231866045,Education,0.8612119355555555,Income,0.9775918341284558,0.11637989857290032
NPL,Nepal,Medium,SA,143.0,0.602,68.4495,0.745376923076923,5.121792742,0.2845440412222222,12.88694954,0.7159416411111111,0.5002428411666666,3877.315444,0.5525207950380918,0.5906113894636154,1.2620429209024626,0.846991524530165,0.9355065020670921,Education,0.5002428411666666,Health,0.745376923076923,0.24513408191025643
NZL,New Zealand,Very High,,13.0,0.937,82.4513,0.9607892307692308,12.94468975,0.7191494305555556,20.28388977,1.0,0.8595747152777777,44057.31394,0.9196388436941197,0.9123812571995591,1.0530567382743634,0.942122285497332,1.0079545545650914,Education,0.8595747152777777,Health,0.9607892307692308,0.1012145154914531
OMN,Oman,Very High,AS,54.0,0.816,72.5406,0.808316923076923,11.65404034,0.6474466855555555,14.57349014,0.8096383411111111,0.7285425133333333,27054.32505,0.845977348244957,0.792741818414401,1.0196471339100976,0.9190161240522474,1.0671536792861953,Education,0.7285425133333333,Income,0.845977348244957,0.11743483491162365
PAK,Pakistan,Low,SA,161.0,0.544,66.0979,0.7091984615384614,4.536330223,0.25201834572222226,8.658349991,0.4810194439444444,0.36651889483333333,4623.70543,0.5791146711139538,0.5319566472996015,1.3331884565003589,0.6890014377936845,1.0886501260088448,Education,0.36651889483333333,Health,0.7091984615384614,0.3426795667051281
PAN,Panama,Very High,LAC,61.0,0.805,76.2233,0.8649738461538461,10.54059029,0.5855883494444445,13.05787868,0.7254377044444444,0.6555130269444445,26956.83707,0.8454320485871224,0.7826261169917902,1.1052197561187698,0.8375813338098974,1.0802502372866647,Education,0.6555130269444445,Health,0.8649738461538461,0.20946081920940163
PER,Peru,High,LAC,84.0,0.762,72.3769,0.8057984615384617,9.885518863,0.5491954923888889,15.38773354,0.8548740855555556,0.7020347889722223,12245.89366,0.7262420840932214,0.7433993205516894,1.0839375814070757,0.9443575875899781,0.9769205647837621,Education,0.7020347889722223,Health,0.8057984615384617,0.10376367256623942
PHL,Philippines,Medium,EAP,116.0,0.699,69.2664,0.7579446153846154,8.969099998,0.4982833332222223,13.12656975,0.7292538749999999,0.6137686041111111,8920.428468,0.6783805756908284,0.6808297349986572,1.1132660288201284,0.9015008783544416,0.9964026845745309,Education,0.6137686041111111,Health,0.7579446153846154,0.14417601127350432
PLW,Palau,High,EAP,80.0,0.767,66.0204,0.7080061538461537,12.49143,0.6939683333333333,15.78432,0.8769066666666666,0.7854375,13818.67869,0.7444942290611862,0.7453095170216892,0.9499491656505308,1.0538406957939637,0.9989061082115777,Health,0.7080061538461537,Education,0.7854375,0.07743134615384628
PNG,Papua New Guinea,Medium,EAP,156.0,0.558,65.3506,0.6977015384615385,4.74,0.26333333333333336,10.36077074,0.5755983744444444,0.4194658538888889,4008.623573,0.5575516934042041,0.546450059687125,1.2767892071619753,0.767619742102431,1.0203159163774917,Education,0.4194658538888889,Health,0.6977015384615385,0.2782356845726496
POL,Poland,Very High,,34.0,0.876,76.4572,0.8685723076923076,13.1647501,0.7313750055555555,16.0271492,0.8903971777777778,0.8108860916666667,33033.96081,0.876141556111082,0.8513602517757377,1.0202171241617983,0.9524594200578999,1.0291078944355887,Education,0.8108860916666667,Income,0.876141556111082,0.06525546444441532
PRT,Portugal,Very High,,38.0,0.866,81.0443,0.9391430769230771,9.575940132,0.531996674,16.87122917,0.9372905094444444,0.7346435917222222,33154.53343,0.8766918996610911,0.8457041919153042,1.1104864867657303,0.8686767769927235,1.0366413079679877,Education,0.7346435917222222,Health,0.9391430769230771,0.20449948520085492
PRY,Paraguay,High,LAC,105.0,0.717,70.2617,0.7732569230769232,8.861840248,0.4923244582222222,12.98799113,0.7215550627777777,0.6069397605,12349.286,0.7275120969781206,0.6989346022621942,1.1063365879642744,0.8683784699391892,1.0408872226720949,Education,0.6069397605,Health,0.7732569230769232,0.1663171625769232
PSE,"Palestine, State of",High,AS,106.0,0.715,73.4727,0.8226569230769232,9.938480377,0.5521377987222222,13.35801029,0.7421116827777777,0.64712474075,6582.899416,0.6324794683353082,0.6956931560007871,1.1824996637971705,0.9301870158821397,0.9091356769572599,Income,0.6324794683353082,Health,0.8226569230769232,0.19017745474161496
QAT,Qatar,Very High,AS,42.0,0.855,79.2716,0.9118707692307694,9.99601145,0.5553339694444444,12.63722038,0.7020677988888889,0.6287008841666666,87134.13469,1.0,0.8307285222433168,1.09767600944811,0.7568066670792878,1.203762689283352,Education,0.6287008841666666,Income,1.0,0.3712991158333334
ROU,Romania,Very High,,53.0,0.821,74.1847,0.8336107692307694,11.27511978,0.6263955433333334,14.22990036,0.79055002,0.7084727816666667,30027.29131,0.8617263878330664,0.7983965033313687,1.044106237630634,0.8873695948197562,1.0793213450177312,Education,0.7084727816666667,Income,0.8617263878330664,0.15325360616639971
RUS,Russian Federation,Very High,,52.0,0.822,69.419,0.7602923076923076,12.77428805,0.7096826694444444,15.76636982,0.8759094344444445,0.7927960519444444,27166.30891,0.8466013109946243,0.7991108069202246,0.9514228829196747,0.9920977730233466,1.0594291851181794,Health,0.7602923076923076,Income,0.8466013109946243,0.08630900330231672
RWA,Rwanda,Low,SSA,165.0,0.534,66.0722,0.7088030769230769,4.425292358,0.24584957544444444,11.23097038,0.6239427988888889,0.43489618716666667,2209.795202,0.4675907408996438,0.5243151004189069,1.3518647018877987,0.8294557734827814,0.891812462631836,Education,0.43489618716666667,Health,0.7088030769230769,0.2739068897564102
SAU,Saudi Arabia,Very High,AS,35.0,0.875,76.936,0.8759384615384617,11.31052971,0.6283627616666667,16.13549042,0.8964161344444445,0.7623894480555555,46111.55135,0.9265227727605526,0.8521228090796832,1.0279486151585358,0.8946943327088707,1.0873113157963974,Education,0.7623894480555555,Income,0.9265227727605526,0.16413332470499709
SDN,Sudan,Low,AS,172.0,0.508,65.2667,0.6964107692307693,3.82,0.2122222222222222,7.945187858,0.44139932544444443,0.32681077383333335,3575.19084,0.5402664801357947,0.4972673623496466,1.4004755227452426,0.6572133998280405,1.0864708224223127,Education,0.32681077383333335,Health,0.6964107692307693,0.36959999539743593
SEN,Senegal,Low,SSA,170.0,0.511,67.0926,0.7245015384615385,2.937938258,0.16321879211111112,8.963749886,0.4979861047777778,0.3306024484444445,3344.311825,0.5301823595409286,0.5026398114009528,1.4413930652293834,0.6577323183434128,1.0547957951504268,Education,0.3306024484444445,Health,0.7245015384615385,0.39389909001709406
SGP,Singapore,Very High,EAP,12.0,0.939,82.7545,0.965453846153846,11.92488003,0.6624933350000001,16.5243206,0.918017811111111,0.7902555730555556,90918.64471,1.0,0.9137618626245523,1.0565705197859991,0.8648375527358345,1.0943770372816286,Education,0.7902555730555556,Income,1.0,0.2097444269444444
SLB,Solomon Islands,Medium,EAP,155.0,0.564,70.3477,0.77458,5.711848,0.3173248888888889,10.32869027,0.5738161261111111,0.4455705075,2481.511362,0.4851083647448551,0.5511550949582373,1.4053757410311019,0.8084303521384706,0.8801667065812269,Education,0.4455705075,Health,0.77458,0.32900949250000006
SLE,Sierra Leone,Low,SSA,181.0,0.477,60.0624,0.6163446153846154,4.576081285,0.25422673805555557,9.57339109,0.5318550605555555,0.3930408993055555,1621.512579,0.4208328836322874,0.46715070255769353,1.3193699849108036,0.8413578255445621,0.9008503708293453,Education,0.3930408993055555,Health,0.6163446153846154,0.22330371607905986
SLV,El Salvador,Medium,LAC,125.0,0.675,70.7479,0.7807369230769231,7.150929928,0.3972738848888889,12.67134767,0.7039637594444444,0.5506188221666667,8295.665889,0.6674123006684335,0.6595534445718101,1.1837356464475548,0.8348357918502495,1.0119154196847922,Education,0.5506188221666667,Health,0.7807369230769231,0.23011810091025642
SMR,San Marino,Very High,,44.0,0.853,80.8786,0.9365938461538462,10.80146027,0.6000811261111111,12.26613998,0.6814522211111111,0.6407666736111111,52653.82534,0.946564152611439,0.8281971971109651,1.1308826562333292,0.7736885319659669,1.142921222039121,Education,0.6407666736111111,Income,0.946564152611439,0.30579747900032794
SRB,Serbia,Very High,ECA,63.0,0.802,74.1923,0.8337276923076924,11.36987019,0.631659455,14.40009022,0.8000050122222222,0.7158322336111111,19123.02747,0.7935680112089487,0.7794828125091312,1.0695908606681763,0.9183425498592704,1.0180699285138535,Education,0.7158322336111111,Health,0.8337276923076924,0.11789545869658125
SSD,South Sudan,Low,SSA,191.0,0.385,54.9752,0.53808,5.726140022,0.3181188901111111,5.54251,0.30791722222222223,0.31301805616666667,767.787,0.30790326652762273,0.3729152800987821,1.4429014543396215,0.8393811486720276,0.8256654606538562,Income,0.30790326652762273,Health,0.53808,0.23017673347237727
STP,Sao Tome and Principe,Medium,SSA,138.0,0.618,67.5912,0.7321723076923077,6.215599435,0.3453110797222222,13.36538506,0.7425213922222222,0.5439162359722223,4021.350815,0.5580305304130747,0.6057142077114722,1.2087751919483998,0.8979750335183041,0.9212769377186026,Education,0.5439162359722223,Health,0.7321723076923077,0.1882560717200854
SUR,Suriname,High,LAC,99.0,0.73,70.2743,0.7734507692307692,9.77680063,0.5431555905555556,13.03564357,0.7242024205555555,0.6336790055555556,12672.20033,0.7314112073616845,0.7103753260562419,1.0887917145499695,0.8920340872106612,1.0296123479150474,Education,0.6336790055555556,Health,0.7734507692307692,0.1397717636752136
SVK,Slovakia,Very High,,45.0,0.848,74.9101,0.8447707692307692,12.91141987,0.7173011038888889,14.51303959,0.8062799772222222,0.7617905405555556,30690.48552,0.8650263528790704,0.8226237880471794,1.0269223690165397,0.9260497345499388,1.0515455126000552,Education,0.7617905405555556,Income,0.8650263528790704,0.10323581232351475
SVN,Slovenia,Very High,,23.0,0.918,80.6904,0.9336984615384615,12.80368042,0.7113155788888889,17.65492058,0.9808289211111111,0.84607225,39746.01987,0.9040828723949083,0.8938694859175951,1.0445579318327218,0.9465277239344073,1.0114260377361788,Education,0.84607225,Health,0.9336984615384615,0.08762621153846151
SWE,Sweden,Very High,,7.0,0.947,82.9833,0.9689738461538462,12.60972023,0.7005400127777778,19.41852951,1.0,0.8502700063888888,54489.37401,0.951740351926153,0.9221377453911027,1.0507907858634276,0.922063987336585,1.0321021525070477,Education,0.8502700063888888,Health,0.9689738461538462,0.11870383976495735
SWZ,Eswatini,Medium,SSA,144.0,0.597,57.0657,0.5702415384615385,5.596,0.3108888888888889,13.74434586,0.76357477,0.5372318294444445,7678.591873,0.655736143399593,0.5856658516809244,0.9736636288847702,0.9173009283408464,1.1196420988479339,Education,0.5372318294444445,Income,0.655736143399593,0.11850431395514849
SYC,Seychelles,High,SSA,72.0,0.785,71.2945,0.7891461538461538,10.28312,0.5712844444444445,13.94161034,0.7745339077777778,0.6729091761111111,25830.61775,0.8389855281851111,0.7637586140744028,1.0332402663667737,0.8810495406675158,1.0984956669875017,Education,0.6729091761111111,Income,0.8389855281851111,0.16607635207399996
SYR,Syrian Arab Republic,Medium,AS,150.0,0.577,72.0627,0.8009646153846155,5.1,0.2833333333333333,9.164219856,0.5091233253333334,0.39622832933333335,4191.933893,0.5643060361332115,0.5636694748158589,1.4209827765576215,0.7029444506690278,1.0011293166399697,Education,0.39622832933333335,Health,0.8009646153846155,0.40473628605128215
TCD,Chad,Low,SSA,190.0,0.394,52.5254,0.5003907692307692,2.57377421,0.1429874561111111,8.035914334,0.44643968522222216,0.29471357066666665,1364.169417,0.3947283918456372,0.3875573071996486,1.2911400712488563,0.7604386891738985,1.018503288449918,Education,0.29471357066666665,Health,0.5003907692307692,0.20567719856410255
TGO,Togo,Low,SSA,162.0,0.539,61.6194,0.6402984615384615,5.016807367,0.2787115203888889,12.95049378,0.7194718766666667,0.4990916985277778,2166.619062,0.4646101204088601,0.5295217744211209,1.2092013822065069,0.9425329091960201,0.8774145707544833,Income,0.4646101204088601,Health,0.6402984615384615,0.17568834112960136
THA,Thailand,Very High,EAP,66.0,0.8,78.7154,0.9033138461538462,8.697119713,0.48317331738888886,15.88221913,0.8823455072222222,0.6827594123055555,17030.15352,0.7760594848467903,0.7822287814726224,1.154794949443396,0.8728385204903787,0.9921131812431936,Education,0.6827594123055555,Health,0.9033138461538462,0.22055443384829077
TJK,Tajikistan,Medium,ECA,122.0,0.685,71.5942,0.7937569230769231,11.3333938,0.6296329888888889,11.65303618,0.6473908988888889,0.6385119438888889,4547.742427,0.576612359689361,0.6636108829330924,1.1961180015140778,0.9621782287034402,0.8689013012276007,Income,0.576612359689361,Health,0.7937569230769231,0.21714456338756216
TKM,Turkmenistan,High,ECA,91.0,0.745,69.2644,0.757913846153846,11.26139,0.6256327777777778,13.21039963,0.7339110905555555,0.6797719341666666,13020.7155,0.7355094921576503,0.7236420317325082,1.047360176604565,0.9393759681692204,1.0163996284139682,Education,0.6797719341666666,Health,0.757913846153846,0.07814191198717946
TLS,Timor-Leste,Medium,EAP,140.0,0.607,67.7369,0.7344138461538462,5.43679,0.3020438888888889,12.616098,0.7008943333333333,0.5014691111111111,4460.869435,0.5736989096833663,0.5956022859185751,1.2330608251799893,0.8419529658750623,0.9632248284584267,Education,0.5014691111111111,Health,0.7344138461538462,0.23294473504273505
TON,Tonga,High,EAP,91.0,0.745,70.9857,0.7843953846153845,11.392594,0.6329218888888889,16.04857063,0.8915872572222222,0.7622545730555556,6822.03125,0.6378694352779357,0.725196367836172,1.081631706120991,1.0511009250224972,0.8795816741073857,Income,0.6378694352779357,Health,0.7843953846153845,0.14652594933744878
TTO,Trinidad and Tobago,Very High,LAC,57.0,0.81,72.9709,0.8149369230769231,11.61062419,0.6450346772222222,14.53545292,0.8075251622222223,0.7262799197222223,23392.02084,0.8240060037527739,0.7871414866846328,1.035311868148841,0.9226802703301108,1.046833406308453,Education,0.7262799197222223,Income,0.8240060037527739,0.09772608403055161
TUN,Tunisia,High,AS,97.0,0.731,73.7719,0.82726,7.431598614,0.4128665896666667,15.42538224,0.85696568,0.6349161348333333,10257.54477,0.6994784586916866,0.716216372437701,1.1550420122125287,0.8864864854629675,0.9766300877917025,Education,0.6349161348333333,Health,0.82726,0.19234386516666668
TUR,Turkey,Very High,ECA,48.0,0.838,76.0324,0.862036923076923,8.63313961,0.47961886722222224,18.3382206,1.0,0.7398094336111112,31032.80106,0.8667018713837059,0.8206761689320805,1.0503983857587385,0.9014632831044691,1.0560826598773023,Education,0.7398094336111112,Income,0.8667018713837059,0.12689243777259474
TUV,Tuvalu,Medium,EAP,130.0,0.641,64.5466,0.6853323076923077,10.57310772,0.5873948733333333,9.40443,0.5224683333333333,0.5549316033333334,6351.435899,0.6270725227128636,0.6201348597665586,1.1051343057061682,0.8948563277707527,1.0111873455217735,Education,0.5549316033333334,Health,0.6853323076923077,0.13040070435897433
TZA,Tanzania,Low,SSA,160.0,0.549,66.2007,0.71078,6.37289871,0.3540499283333334,9.221489906,0.5123049947777778,0.4331774615555556,2664.329096,0.4958460835960105,0.5344609502125847,1.3299007153231373,0.8104941275564791,0.9277498821921136,Education,0.4331774615555556,Health,0.71078,0.2776025384444444
UGA,Uganda,Low,SSA,166.0,0.525,62.7048,0.656996923076923,5.730941566,0.31838564255555557,10.14986994,0.5638816633333333,0.44113365294444445,2181.43651,0.4656396698579728,0.5129336206369915,1.280861492878991,0.8600209368156028,0.9077971322677458,Education,0.44113365294444445,Health,0.656996923076923,0.21586327013247858
UKR,Ukraine,High,ECA,77.0,0.773,71.624,0.7942153846153845,11.13142043,0.6184122461111111,14.95656854,0.8309204744444444,0.7246663602777778,13255.50977,0.738209116157444,0.7517704779532123,1.0564599274737867,0.9639462861733693,0.9819607683548698,Education,0.7246663602777778,Health,0.7942153846153845,0.06954902433760679
URY,Uruguay,Very High,LAC,58.0,0.809,75.4356,0.8528553846153846,8.982549667,0.4990305370555556,16.83259964,0.9351444244444446,0.7170874807500001,21268.88122,0.8096330591284016,0.791125269147965,1.078028243913764,0.9064145827655044,1.023394259673148,Education,0.7170874807500001,Health,0.8528553846153846,0.1357679038653845
USA,United States,Very High,,21.0,0.921,77.1982,0.8799723076923077,13.68342972,0.76019054,16.28097916,0.9044988422222223,0.8323446911111112,64765.21509,0.9778371848923127,0.8947044331219558,0.9835340869182438,0.9303012931396256,1.0929164411092454,Education,0.8323446911111112,Income,0.9778371848923127,0.14549249378120155
UZB,Uzbekistan,High,ECA,101.0,0.727,70.8616,0.7824861538461538,11.89558983,0.6608661016666667,12.47714043,0.6931744683333334,0.677020285,7916.785725,0.6603507600684151,0.7046135786663634,1.110518130131953,0.9608391116750974,0.9371814283202923,Income,0.6603507600684151,Health,0.7824861538461538,0.12213539377773874
VCT,Saint Vincent and the Grenadines,High,LAC,89.0,0.751,69.6291,0.7635246153846152,10.83343029,0.6018572383333334,14.67220567,0.8151225372222223,0.7084898877777779,11961.08792,0.7226874463972582,0.7311992487984315,1.0442086977514045,0.9689423080535552,0.9883591204242065,Education,0.7084898877777779,Health,0.7635246153846152,0.055034727606837364
VEN,Venezuela,Medium,LAC,120.0,0.691,70.5536,0.7777476923076924,11.10727736,0.6170709644444444,12.81608,0.7120044444444444,0.6645377044444445,4810.882621,0.5851091878480452,0.6712203145118942,1.1587070228547298,0.9900440884714443,0.8717095940004911,Income,0.5851091878480452,Health,0.7777476923076924,0.19263850445964714
VNM,Viet Nam,High,EAP,115.0,0.703,73.6181,0.8248938461538461,8.370280266,0.46501557033333335,12.9519325,0.7195518055555555,0.5922836879444444,7867.371345,0.6594049573037564,0.6855303411167237,1.2032929787033209,0.8639788094274847,0.961890258904647,Education,0.5922836879444444,Health,0.8248938461538461,0.23261015820940167
VUT,Vanuatu,Medium,EAP,140.0,0.607,70.449,0.7761384615384616,7.064846,0.39249144444444445,11.53531503,0.640850835,0.5166711397222222,3085.411633,0.5180109139182274,0.5922395952617255,1.3105143049334054,0.8724022234512914,0.8746644399709638,Education,0.5166711397222222,Health,0.7761384615384616,0.2594673218162393
WSM,Samoa,High,EAP,111.0,0.707,72.7675,0.8118076923076922,11.4038,0.6335444444444445,12.41885948,0.6899366377777778,0.6617405411111111,5307.953374,0.5999618586404739,0.6856274267531806,1.1840361990068629,0.9651605453486789,0.8750552198321765,Income,0.5999618586404739,Health,0.8118076923076922,0.21184583366721832
YEM,Yemen,Low,AS,183.0,0.455,63.7534,0.6731292307692307,3.2,0.17777777777777778,9.09871006,0.5054838922222222,0.341630835,1314.270189,0.38909941549673605,0.4472723284730381,1.5049650691945442,0.7638094584708782,0.869938493233192,Education,0.341630835,Health,0.6731292307692307,0.3314983957692307
ZAF,South Africa,High,SSA,109.0,0.713,62.341,0.6514,11.37316036,0.6318422422222222,13.64371014,0.7579838966666667,0.6949130694444444,12948.37325,0.7346678962236791,0.6928242794009896,0.9402095442775119,1.0030148915180352,1.0603957136993918,Health,0.6514,Income,0.7346678962236791,0.08326789622367914
ZMB,Zambia,Medium,SSA,154.0,0.565,61.2234,0.6342061538461539,7.187091494,0.39928286077777775,10.92876021,0.607153345,0.5032181028888889,3217.767739,0.5243556763028444,0.5510667749280108,1.1508698812934313,0.9131708275365128,0.9515283812408108,Education,0.5032181028888889,Health,0.6342061538461539,0.13098805095726496
ZWE,Zimbabwe,Medium,SSA,146.0,0.593,59.2531,0.6038938461538462,8.710908501,0.4839393611666667,12.11096904,0.6728316133333334,0.57838548725,3809.887158,0.549870756833983,0.576960664160365,1.046681140789167,1.0024695324623363,0.953047219664784,Income,0.549870756833983,Health,0.6038938461538462,0.054023089319863216
